<?xml version="1.0" encoding="UTF-8"?>
<project-private xmlns="http://www.netbeans.org/ns/project-private/1">
    <editor-bookmarks xmlns="http://www.netbeans.org/ns/editor-bookmarks/2" lastBookmarkId="0"/>
    <open-files xmlns="http://www.netbeans.org/ns/projectui-open-files/2">
        <group>
            <file>file:/C:/Users/Admin/Desktop/Java%20Bootcamp/AttendanceManagementSystem/src/attendancemanagementsystem/StudentDashboard.java</file>
            <file>file:/C:/Users/Admin/Desktop/Java%20Bootcamp/AttendanceManagementSystem/src/attendancemanagementsystem/University.java</file>
            <file>file:/C:/Users/Admin/Desktop/Java%20Bootcamp/AttendanceManagementSystem/src/attendancemanagementsystem/Login.java</file>
            <file>file:/C:/Users/Admin/Desktop/Java%20Bootcamp/AttendanceManagementSystem/src/attendancemanagementsystem/Teacher_Portal.java</file>
            <file>file:/C:/Users/Admin/Desktop/Java%20Bootcamp/AttendanceManagementSystem/src/attendancemanagementsystem/AdminDashboard.java</file>
        </group>
    </open-files>
</project-private>
